frame_number,capture_ts_ms,decode_ts_ms
1,1434428.867,6382.766
2,1434462.396,6386.526
3,1434479.591,6388.660
4,1434495.775,6391.698
5,1434512.829,6407.030
6,1434528.994,6421.513
7,1434546.177,6440.478
8,1434562.350,6453.115
9,1434579.449,6470.790
10,1434595.722,6487.822
11,1434612.645,6504.861
12,1434629.136,6519.831
13,1434646.038,6536.302
14,1434662.573,6553.417
15,1434679.821,6570.554
16,1434696.084,6586.358
17,1434712.825,6603.104
18,1434729.174,6620.195
19,1434746.093,6636.209
20,1434762.506,6653.450
21,1434779.472,6671.231
22,1434795.857,6686.690
23,1434812.930,6703.801
24,1434829.225,6719.545
25,1434846.195,6736.688
26,1434862.598,6753.770
27,1434879.655,6769.954
28,1434896.000,6786.809
29,1434912.905,6803.630
30,1434929.345,6819.617
31,1434946.289,6836.459
32,1434962.763,6853.806
33,1434979.685,6869.707
34,1434996.072,6886.570
35,1435013.080,6903.665
36,1435029.435,6920.564
37,1435046.399,6936.515
38,1435062.809,6953.519
39,1435079.950,6970.100
40,1435096.222,6987.088
41,1435113.141,7003.005
42,1435129.958,7019.665
43,1435146.671,7036.349
44,1435162.909,7053.437
45,1435179.899,7069.997
46,1435196.395,7087.115
47,1435213.629,7103.021
48,1435229.725,7119.461
49,1435246.664,7136.507
50,1435263.021,7153.550
51,1435279.959,7170.178
52,1435296.401,7187.046
53,1435313.339,7202.960
54,1435329.742,7219.583
55,1435346.722,7236.496
56,1435363.127,7253.547
57,1435380.048,7270.145
58,1435396.483,7287.114
59,1435413.420,7303.048
60,1435429.840,7319.675
61,1435446.774,7336.507
62,1435463.215,7353.668
63,1435480.222,7370.281
64,1435496.579,7387.225
65,1435513.715,7403.138
66,1435529.982,7419.670
67,1435546.901,7436.765
68,1435563.370,7453.552
69,1435580.311,7469.446
70,1435596.662,7487.178
71,1435613.707,7503.486
72,1435630.101,7520.057
73,1435647.060,7536.702
74,1435663.405,7553.739
75,1435680.528,7569.282
76,1435696.865,7587.131
77,1435713.697,7603.327
78,1435730.519,7620.216
79,1435747.339,7636.203
80,1435763.562,7653.049
81,1435780.490,7670.270
82,1435796.903,7687.228
83,1435813.975,7703.023
84,1435830.267,7719.991
85,1435847.194,7736.936
86,1435863.613,7753.086
87,1435880.719,7770.509
88,1435897.086,7786.431
89,1435913.969,7803.530
90,1435930.357,7820.005
91,1435947.370,7837.032
92,1435963.715,7852.851
93,1435980.678,7870.226
94,1435997.085,7887.055
95,1436014.043,7902.887
96,1436030.454,7923.560
97,1436047.396,7936.755
98,1436063.812,7953.758
99,1436080.758,7969.738
100,1436097.183,7986.702
101,1436114.160,8003.766
102,1436130.780,8019.488
103,1436148.010,8036.415
104,1436163.960,8053.476
105,1436180.952,8070.465
106,1436197.321,8086.399
107,1436214.276,8103.158
108,1436230.718,8120.569
109,1436247.655,8136.401
110,1436264.093,8153.338
111,1436281.482,8170.859
112,1436297.488,8186.737
113,1436314.390,8203.759
114,1436330.765,8219.846
115,1436347.717,8236.970
116,1436364.117,8253.043
117,1436381.074,8270.028
118,1436397.488,8286.969
119,1436414.435,8303.012
120,1436430.905,8319.864
121,1436447.832,8336.932
122,1436464.215,8353.716
123,1436481.187,8369.754
124,1436497.646,8386.993
125,1436514.555,8403.928
126,1436530.925,8419.896
127,1436547.964,8436.681
128,1436564.321,8454.155
129,1436581.281,8469.638
130,1436597.709,8486.356
131,1436614.667,8503.183
132,1436631.043,8520.940
133,1436648.024,8537.177
134,1436664.428,8553.220
135,1436681.541,8570.224
136,1436697.880,8588.258
137,1436714.890,8603.974
138,1436731.353,8621.198
139,1436748.528,8638.124
140,1436764.633,8654.215
141,1436781.517,8671.172
142,1436797.896,8687.982
143,1436815.102,8703.989
144,1436831.313,8720.889
145,1436848.175,8737.883
146,1436864.615,8753.933
147,1436881.627,8771.104
148,1436898.012,8787.980
149,1436915.026,8803.878
150,1436931.405,8820.736
151,1436948.336,8837.995
152,1436964.794,8853.822
153,1436981.756,8870.933
154,1436998.111,8887.737
155,1437015.195,8904.671
156,1437031.493,8920.816
157,1437048.478,8938.041
158,1437064.857,8953.988
159,1437081.785,8970.974
160,1437098.181,8988.122
161,1437115.165,9004.138
162,1437131.545,9021.020
163,1437149.055,9038.097
164,1437164.995,9054.127
165,1437181.882,9070.984
166,1437198.399,9087.984
167,1437215.275,9103.956
168,1437231.672,9121.042
169,1437248.635,9137.904
170,1437266.271,9155.070
171,1437284.650,9171.318
172,1437300.254,9187.640
173,1437315.674,9204.702
174,1437332.091,9221.705
175,1437348.959,9238.176
176,1437365.423,9253.957
177,1437381.447,9271.020
178,1437398.160,9290.752
179,1437414.792,9304.694
180,1437431.513,9326.329
181,1437448.184,9365.152
182,1437464.971,9367.273
183,1437481.895,9371.283
184,1437498.256,9387.144
185,1437515.125,9403.774
186,1437531.595,9420.849
187,1437548.347,9436.752
188,1437564.955,9453.816
189,1437581.615,9471.534
190,1437598.878,9486.467
191,1437615.346,9503.758
192,1437631.586,9521.277
193,1437648.278,9537.208
194,1437664.915,9553.242
195,1437681.679,9570.309
196,1437698.358,9587.303
197,1437715.300,9603.289
198,1437731.678,9620.141
199,1437748.456,9637.392
200,1437765.242,9653.459
201,1437781.941,9670.436
202,1437798.442,9687.185
203,1437815.134,9703.349
204,1437832.033,9720.111
205,1437848.476,9737.244
206,1437865.210,9753.150
207,1437882.047,9770.096
208,1437898.544,9787.151
209,1437915.191,9803.133
210,1437931.931,9819.961
211,1437948.596,9836.490
212,1437965.549,9853.357
213,1437981.907,9870.498
214,1437998.641,9886.789
215,1438015.275,9903.498
216,1438031.993,9920.340
217,1438048.697,9936.390
218,1438065.319,9953.629
219,1438082.058,9970.467
220,1438098.993,9986.372
221,1438115.378,10003.493
222,1438132.099,10020.501
223,1438149.018,10036.395
224,1438165.476,10053.437
225,1438182.157,10070.533
226,1438198.798,10087.196
227,1438215.806,10103.137
228,1438232.193,10120.356
229,1438248.880,10136.690
230,1438265.659,10154.142
231,1438282.369,10169.782
232,1438298.975,10186.880
233,1438315.822,10203.894
234,1438332.358,10219.689
235,1438349.002,10236.570
236,1438365.930,10253.787
237,1438382.352,10269.813
238,1438398.998,10286.632
239,1438415.711,10303.658
240,1438432.360,10320.557
241,1438449.098,10335.917
242,1438466.103,10353.025
243,1438482.422,10370.283
244,1438499.135,10386.438
245,1438515.777,10403.502
246,1438532.525,10420.461
247,1438549.204,10435.957
248,1438565.825,10453.134
249,1438582.548,10470.152
250,1438599.317,10486.453
251,1438616.232,10504.129
252,1438632.564,10520.344
253,1438649.360,10536.206
254,1438665.957,10553.300
255,1438682.678,10570.176
256,1438699.309,10586.618
257,1438716.365,10603.837
258,1438732.723,10622.709
259,1438749.392,10636.192
260,1438766.054,10653.139
261,1438782.765,10670.367
262,1438799.437,10686.738
263,1438816.090,10703.602
264,1438832.809,10719.674
265,1438849.483,10736.411
266,1438866.335,10753.392
267,1438882.877,10769.450
268,1438899.854,10786.777
269,1438916.186,10803.068
270,1438932.930,10819.891
271,1438949.555,10836.819
272,1438966.556,10852.647
273,1438982.964,10869.751
274,1438999.603,10886.571
275,1439016.329,10903.347
276,1439033.203,10920.504
277,1439049.837,10935.822
278,1439066.391,10952.739
279,1439083.086,10969.794
280,1439099.712,10986.325
281,1439116.481,11003.453
282,1439133.107,11020.396
283,1439150.136,11036.490
284,1439166.652,11052.980
285,1439183.224,11069.913
286,1439199.828,11086.429
287,1439216.834,11103.407
288,1439233.186,11120.468
289,1439249.907,11135.880
290,1439266.617,11152.938
291,1439283.359,11169.853
292,1439299.936,11186.345
293,1439318.474,11204.601
294,1439333.772,11219.229
295,1439350.350,11236.620
296,1439366.995,11253.489
297,1439383.665,11271.993
298,1439400.355,11288.676
299,1439417.138,11306.192
300,1439433.727,11321.964
301,1439450.319,11338.905
302,1439467.035,11355.966
303,1439483.753,11371.772
304,1439500.382,11388.684
305,1439516.986,11405.788
306,1439533.833,11422.706
307,1439550.500,11439.495
308,1439567.096,11455.584
309,1439583.637,11472.581
310,1439600.216,11489.274
311,1439616.969,11506.956
312,1439633.606,11522.165
313,1439650.340,11538.652
314,1439667.111,11555.922
315,1439684.045,11572.790
316,1439700.448,11589.240
317,1439717.141,11605.322
318,1439734.126,11622.021
319,1439750.454,11642.189
320,1439767.096,11655.849
321,1439783.901,11673.002
322,1439800.493,11689.197
323,1439817.161,11705.472
324,1439833.845,11722.588
325,1439850.485,11739.395
326,1439867.350,11755.304
327,1439883.936,11772.391
328,1439900.607,11789.058
329,1439917.249,11805.897
330,1439933.905,11822.159
331,1439950.914,11838.855
332,1439967.317,11855.619
333,1439984.183,11872.338
334,1440000.663,11889.367
335,1440017.311,11905.070
336,1440034.045,11922.295
337,1440050.711,11939.295
338,1440067.362,11955.102
339,1440084.099,11972.318
340,1440100.721,11989.339
341,1440117.449,12005.855
342,1440134.091,12023.004
343,1440150.820,12039.871
344,1440167.928,12056.224
345,1440184.272,12073.290
346,1440200.842,12089.670
347,1440217.820,12106.837
348,1440234.411,12122.536
349,1440250.931,12139.638
350,1440267.621,12156.616
351,1440284.298,12172.669
352,1440300.934,12189.575
353,1440317.660,12206.576
354,1440334.335,12222.521
355,1440350.979,12239.394
356,1440367.885,12256.423
357,1440384.453,12272.523
358,1440401.099,12292.157
359,1440417.728,12306.379
360,1440434.449,12323.331
361,1440451.133,12339.356
362,1440467.832,12356.103
363,1440484.782,12373.211
364,1440501.344,12390.687
365,1440517.867,12406.294
366,1440534.492,12423.349
367,1440551.209,12440.363
368,1440567.865,12457.131
369,1440584.582,12472.741
370,1440601.248,12489.310
371,1440617.955,12507.321
372,1440634.596,12523.522
373,1440651.322,12540.185
374,1440668.091,12557.064
375,1440684.717,12572.688
376,1440701.586,12590.613
377,1440718.112,12606.321
378,1440735.014,12623.553
379,1440751.386,12639.672
380,1440768.263,12657.019
381,1440784.808,12672.877
382,1440801.471,12689.526
383,1440818.120,12706.452
384,1440834.831,12723.610
385,1440851.483,12739.197
386,1440868.199,12756.401
387,1440884.851,12773.500
388,1440901.575,12790.364
389,1440918.258,12806.306
390,1440934.946,12823.289
391,1440951.586,12840.291
392,1440968.793,12857.662
393,1440985.085,12873.546
394,1441001.693,12890.446
395,1441018.571,12907.564
396,1441035.082,12923.316
397,1441051.719,12940.377
398,1441068.363,12956.302
399,1441085.094,12973.394
400,1441101.736,12990.940
401,1441118.459,13006.546
402,1441135.099,13023.648
403,1441151.835,13040.687
404,1441168.771,13057.757
405,1441185.306,13073.576
406,1441201.884,13090.721
407,1441218.851,13107.848
408,1441235.297,13123.472
409,1441251.952,13140.547
410,1441268.854,13157.651
411,1441285.593,13174.801
412,1441301.998,13190.522
413,1441318.622,13207.546
414,1441335.339,13223.395
415,1441352.000,13240.424
416,1441368.707,13257.568
417,1441385.365,13274.444
418,1441402.124,13290.307
419,1441418.754,13307.637
420,1441435.595,13324.702
421,1441452.153,13340.352
422,1441469.120,13357.447
423,1441485.477,13374.537
424,1441502.192,13391.529
425,1441518.880,13407.659
426,1441535.551,13424.688
427,1441552.460,13441.418
428,1441568.926,13457.078
429,1441585.618,13474.485
430,1441602.237,13491.490
431,1441618.963,13507.763
432,1441635.611,13524.543
433,1441652.324,13541.204
434,1441669.063,13558.201
435,1441685.741,13574.115
436,1441702.361,13591.133
437,1441719.385,13607.639
438,1441735.763,13624.608
439,1441752.437,13640.358
440,1441769.127,13657.987
441,1441785.771,13674.054
442,1441802.508,13691.046
443,1441819.410,13707.367
444,1441835.873,13724.510
445,1441852.529,13741.490
446,1441869.183,13757.397
447,1441885.917,13774.586
448,1441902.790,13791.555
449,1441919.246,13807.168
450,1441935.959,13824.313
451,1441952.597,13841.425
452,1441969.645,13858.387
453,1441986.126,13874.432
454,1442002.751,13891.347
455,1442019.336,13908.319
456,1442036.091,13924.355
457,1442052.769,13941.552
458,1442069.440,13958.020
459,1442086.391,13975.113
460,1442102.755,13991.481
461,1442119.515,14008.033
462,1442136.159,14025.238
463,1442152.802,14041.896
464,1442169.532,14058.579
465,1442186.441,14075.560
466,1442202.896,14091.586
467,1442219.898,14108.985
468,1442236.267,14124.833
469,1442252.906,14142.067
470,1442269.759,14158.916
471,1442286.582,14175.091
472,1442303.378,14192.822
473,1442319.818,14208.426
474,1442336.597,14225.544
475,1442353.304,14242.504
476,1442369.748,14258.812
477,1442386.376,14274.779
478,1442403.098,14291.924
479,1442419.737,14309.001
480,1442436.518,14325.989
481,1442453.291,14341.607
482,1442470.224,14358.842
483,1442486.488,14375.644
484,1442503.248,14391.572
485,1442519.853,14408.120
486,1442536.580,14425.153
487,1442553.249,14442.332
488,1442569.884,14458.191
489,1442586.612,14475.551
490,1442603.286,14491.970
491,1442620.024,14509.517
492,1442636.910,14525.744
493,1442653.345,14541.564
494,1442670.034,14559.393
495,1442686.726,14575.485
496,1442703.374,14592.304
497,1442720.383,14609.390
498,1442736.769,14625.126
499,1442753.417,14642.237
500,1442770.155,14659.177
501,1442786.820,14676.271
502,1442803.470,14692.496
503,1442820.199,14709.210
504,1442836.872,14725.241
505,1442853.522,14742.271
506,1442870.240,14759.376
507,1442887.156,14776.746
508,1442903.621,14792.382
509,1442920.322,14809.459
510,1442936.920,14825.161
511,1442953.611,14842.350
512,1442970.611,14859.261
513,1442987.399,14876.409
514,1443003.830,14892.342
515,1443020.409,14909.239
516,1443037.028,14926.251
517,1443053.751,14942.246
518,1443070.400,14959.116
519,1443087.130,14976.264
520,1443103.817,14992.767
521,1443120.494,15009.412
522,1443137.139,15025.856
523,1443154.164,15043.036
524,1443170.544,15059.971
525,1443187.471,15075.853
526,1443203.939,15093.023
527,1443220.855,15110.107
528,1443237.331,15125.822
529,1443253.939,15142.883
530,1443270.637,15159.948
531,1443287.297,15175.960
532,1443304.014,15192.901
533,1443320.653,15213.851
534,1443337.378,15226.368
535,1443354.018,15243.433
536,1443370.740,15259.272
537,1443387.420,15276.318
538,1443404.126,15296.545
539,1443421.125,15310.439
540,1443437.496,15326.268
541,1443454.169,15343.747
542,1443471.315,15360.518
543,1443487.592,15376.460
544,1443504.366,15393.288
545,1443521.198,15410.216
546,1443537.794,15426.348
547,1443554.334,15443.221
548,1443570.915,15460.148
549,1443587.646,15476.027
550,1443604.277,15493.577
551,1443621.003,15510.982
552,1443637.634,15526.561
553,1443654.432,15542.686
554,1443671.091,15559.734
555,1443688.071,15577.165
556,1443704.484,15593.080
557,1443721.592,15609.849
558,1443737.892,15626.808
559,1443754.542,15643.955
560,1443771.209,15659.806
561,1443787.858,15676.891
562,1443804.576,15693.158
563,1443821.311,15710.136
564,1443838.030,15726.943
565,1443854.662,15744.172
566,1443871.318,15759.786
567,1443887.986,15776.832
568,1443904.678,15794.127
569,1443921.343,15809.653
570,1443938.088,15827.332
571,1443954.688,15843.368
572,1443971.431,15860.244
573,1443988.076,15877.572
574,1444004.939,15893.484
575,1444021.679,15910.406
576,1444038.184,15927.343
577,1444054.804,15943.130
578,1444071.526,15960.184
579,1444088.204,15977.298
580,1444104.853,15993.040
581,1444121.555,16010.478
582,1444138.217,16027.415
583,1444154.943,16044.240
584,1444171.617,16060.037
585,1444188.548,16077.381
586,1444205.079,16094.271
587,1444221.722,16110.295
588,1444238.367,16127.035
589,1444255.000,16144.122
590,1444271.718,16161.127
591,1444288.359,16177.222
592,1444305.083,16193.929
593,1444321.737,16210.877
594,1444338.464,16227.101
595,1444355.150,16244.290
596,1444371.839,16260.986
597,1444388.476,16277.246
598,1444405.182,16293.860
599,1444421.778,16310.850
600,1444438.667,16327.837
601,1444455.167,16343.537
602,1444471.730,16360.398
603,1444488.527,16377.598
604,1444505.096,16393.585
605,1444521.780,16410.814
606,1444538.421,16427.808
607,1444555.149,16443.667
608,1444571.784,16460.513
609,1444588.534,16477.506
610,1444605.155,16493.686
611,1444621.888,16511.780
612,1444638.557,16527.464
613,1444655.213,16545.028
614,1444671.960,16560.388
615,1444688.612,16577.437
616,1444705.266,16595.078
617,1444722.006,16610.466
618,1444738.666,16627.323
619,1444755.304,16644.505
620,1444772.028,16661.421
621,1444788.672,16677.281
622,1444805.397,16694.679
623,1444822.124,16711.543
624,1444838.848,16727.388
625,1444855.471,16744.324
626,1444872.136,16761.407
627,1444888.778,16777.341
628,1444905.497,16794.160
629,1444922.146,16811.501
630,1444938.876,16827.266
631,1444955.601,16844.250
632,1444972.194,16861.060
633,1444988.927,16877.673
634,1445005.600,16894.840
635,1445022.434,16912.017
636,1445039.026,16927.632
637,1445055.686,16944.735
638,1445072.288,16960.668
639,1445089.011,16977.774
640,1445105.660,16994.502
641,1445122.381,17011.800
642,1445139.024,17027.564
643,1445155.748,17044.445
644,1445172.399,17061.484
645,1445189.151,17077.568
646,1445205.973,17094.598
647,1445222.515,17111.616
648,1445239.182,17127.995
649,1445255.819,17145.001
650,1445272.534,17161.030
651,1445289.167,17178.362
652,1445305.864,17194.416
653,1445322.596,17211.329
654,1445339.264,17227.837
655,1445355.915,17244.991
656,1445372.651,17262.076
657,1445389.280,17278.187
658,1445406.007,17295.467
659,1445422.688,17311.187
660,1445439.339,17327.875
661,1445456.053,17344.805
662,1445472.694,17361.789
663,1445489.553,17378.934
664,1445506.169,17396.455
665,1445522.823,17411.766
666,1445539.430,17428.362
667,1445556.156,17445.206
668,1445572.795,17461.314
669,1445589.525,17478.784
670,1445606.206,17494.951
671,1445622.887,17512.839
672,1445639.538,17529.114
673,1445656.261,17545.454
674,1445672.909,17561.344
675,1445689.646,17578.987
676,1445706.261,17595.105
677,1445723.007,17612.035
678,1445739.666,17628.973
679,1445756.316,17644.838
680,1445773.038,17662.080
681,1445789.906,17678.706
682,1445806.469,17695.930
683,1445823.083,17711.769
684,1445839.779,17728.241
685,1445856.422,17745.192
686,1445873.144,17762.230
687,1445889.826,17778.603
688,1445906.475,17794.783
689,1445923.196,17811.785
690,1445939.874,17828.252
691,1445956.564,17845.254
692,1445973.239,17862.101
693,1445989.885,17878.270
694,1446006.610,17895.223
695,1446023.291,17912.038
696,1446040.057,17929.316
697,1446056.752,17946.560
698,1446073.340,17962.175
699,1446090.034,17978.971
700,1446106.686,17995.482
701,1446123.396,18012.417
702,1446140.035,18029.101
703,1446156.762,18045.268
704,1446173.407,18062.177
705,1446190.140,18079.137
706,1446207.006,18096.391
707,1446223.531,18112.151
708,1446240.205,18129.109
709,1446256.834,18146.516
710,1446273.548,18162.355
711,1446290.195,18178.921
712,1446306.914,18196.126
713,1446323.777,18213.234
714,1446340.284,18229.173
715,1446356.927,18246.077
716,1446373.644,18262.025
717,1446390.294,18278.904
718,1446407.015,18296.025
719,1446423.664,18311.968
720,1446440.388,18328.690
721,1446457.069,18345.635
722,1446473.710,18362.773
723,1446490.435,18378.756
724,1446507.079,18396.034
725,1446523.802,18412.789
726,1446540.488,18429.779
727,1446557.155,18445.788
728,1446574.012,18462.759
729,1446590.628,18479.768
730,1446607.243,18496.125
731,1446623.856,18514.111
732,1446640.543,18529.846
733,1446657.273,18545.577
734,1446673.992,18562.845
735,1446690.645,18579.560
736,1446707.324,18596.779
737,1446723.970,18612.319
738,1446740.689,18629.147
739,1446757.328,18646.397
740,1446774.053,18663.469
741,1446790.704,18679.133
742,1446807.423,18696.413
743,1446824.062,18712.887
744,1446840.791,18729.814
745,1446857.476,18745.892
746,1446874.154,18762.617
747,1446890.848,18782.777
748,1446907.559,18796.790
749,1446924.211,18813.148
750,1446940.852,18829.197
751,1446957.569,18846.187
752,1446974.223,18862.641
753,1446990.952,18879.659
754,1447007.580,18896.137
755,1447024.305,18912.784
756,1447040.947,18929.760
757,1447057.676,18947.200
758,1447074.353,18963.497
759,1447091.144,18980.327
760,1447107.733,18997.347
761,1447124.425,19013.002
762,1447141.113,19029.759
763,1447157.741,19046.947
764,1447174.468,19062.940
765,1447191.158,19079.767
766,1447208.032,19097.347
767,1447224.538,19113.933
768,1447241.204,19129.663
769,1447257.838,19146.618
770,1447274.754,19163.345
771,1447291.207,19180.461
772,1447307.930,19196.411
773,1447324.562,19213.070
774,1447341.291,19229.902
775,1447357.941,19246.838
776,1447374.658,19264.039
777,1447391.302,19279.874
778,1447408.030,19297.272
779,1447424.679,19314.165
780,1447441.405,19329.885
781,1447458.079,19346.656
782,1447474.765,19363.618
783,1447491.406,19379.657
784,1447508.134,19396.710
785,1447524.811,19413.459
786,1447541.459,19430.241
787,1447558.176,19447.027
788,1447574.822,19463.233
789,1447591.548,19480.082
790,1447608.341,19497.692
791,1447624.978,19515.638
792,1447641.565,19530.558
793,1447658.289,19547.427
794,1447674.949,19564.607
795,1447691.667,19580.068
796,1447708.337,19597.250
797,1447724.985,19614.176
798,1447741.706,19630.052
799,1447758.354,19647.098
800,1447775.075,19663.790
801,1447791.762,19680.920
802,1447808.438,19697.149
803,1447825.084,19714.006
804,1447841.806,19731.199
805,1447858.486,19747.452
806,1447875.132,19764.245
807,1447891.870,19780.959
808,1447908.573,19798.128
809,1447925.225,19814.673
810,1447941.864,19830.439
811,1447958.588,19847.132
812,1447975.227,19864.792
813,1447991.962,19880.193
814,1448008.595,19897.334
815,1448025.319,19914.346
816,1448041.959,19930.464
817,1448058.686,19947.329
818,1448075.334,19964.110
819,1448092.054,19981.217
820,1448108.701,19997.302
821,1448125.421,20014.358
822,1448142.087,20031.335
823,1448158.934,20048.292
824,1448175.502,20064.917
825,1448192.124,20080.755
826,1448208.841,20097.881
827,1448225.661,20115.013
828,1448242.228,20130.560
829,1448258.853,20147.654
830,1448275.571,20165.121
831,1448292.223,20180.554
832,1448308.939,20197.460
833,1448325.583,20215.141
834,1448342.304,20230.809
835,1448358.953,20247.706
836,1448375.683,20264.771
837,1448392.369,20281.587
838,1448408.995,20297.821
839,1448425.732,20315.079
840,1448442.412,20331.471
841,1448459.107,20347.449
842,1448475.735,20363.790
843,1448492.463,20380.761
844,1448509.098,20397.927
845,1448525.825,20414.802
846,1448542.469,20431.553
847,1448559.197,20448.647
848,1448575.840,20465.189
849,1448592.555,20480.902
850,1448609.483,20497.754
851,1448626.045,20516.720
852,1448642.629,20531.221
853,1448659.323,20548.440
854,1448675.974,20565.046
855,1448692.685,20582.136
856,1448709.356,20597.897
857,1448726.032,20615.663
858,1448742.676,20631.125
859,1448759.397,20648.165
860,1448776.139,20664.768
861,1448792.730,20681.772
862,1448809.454,20697.840
863,1448826.094,20715.380
864,1448842.823,20731.466
865,1448859.495,20748.227
866,1448876.138,20764.461
867,1448892.872,20781.698
868,1448909.510,20798.949
869,1448926.233,20815.421
870,1448942.878,20831.201
871,1448959.594,20848.099
872,1448976.245,20864.534
873,1448992.966,20881.642
874,1449009.610,20898.595
875,1449026.347,20914.964
876,1449043.015,20932.080
877,1449059.701,20948.165
878,1449076.340,20965.276
879,1449093.063,20981.898
880,1449109.756,20998.214
881,1449126.440,21015.387
882,1449143.314,21032.049
883,1449159.861,21049.008
884,1449176.606,21066.393
885,1449193.174,21081.923
886,1449209.861,21099.085
887,1449226.673,21115.244
888,1449243.275,21131.925
889,1449259.868,21148.844
890,1449276.588,21165.142
891,1449293.264,21181.795
892,1449309.959,21198.785
893,1449326.596,21214.930
894,1449343.314,21231.741
895,1449359.961,21248.689
896,1449376.694,21265.163
897,1449393.335,21282.218
898,1449410.059,21299.235
899,1449426.738,21315.335
900,1449443.391,21332.159
901,1449460.120,21349.274
902,1449476.763,21365.342
903,1449493.473,21382.027
904,1449510.120,21399.171
905,1449526.835,21415.391
906,1449543.488,21432.021
907,1449560.216,21448.881
908,1449576.851,21465.130
909,1449593.567,21481.888
910,1449610.222,21499.238
911,1449626.959,21517.282
912,1449643.634,21532.422
913,1449660.266,21548.968
914,1449677.018,21565.951
915,1449693.688,21581.963
916,1449710.367,21598.822
917,1449727.011,21616.007
918,1449743.725,21632.919
919,1449760.363,21648.777
920,1449777.086,21665.762
921,1449793.891,21682.949
922,1449810.537,21699.005
923,1449827.113,21716.040
924,1449843.827,21732.782
925,1449860.471,21748.947
926,1449877.193,21765.850
927,1449893.890,21782.629
928,1449910.521,21798.753
929,1449927.246,21816.002
930,1449943.886,21832.482
931,1449960.675,21849.863
932,1449977.341,21865.518
933,1449993.966,21882.172
934,1450010.680,21899.113
935,1450027.343,21916.170
936,1450043.993,21932.697
937,1450060.709,21949.988
938,1450077.351,21965.836
939,1450094.085,21982.777
940,1450110.764,21999.878
941,1450127.405,22015.929
942,1450144.135,22033.322
943,1450160.776,22049.153
944,1450177.544,22066.237
945,1450194.144,22083.233
946,1450210.879,22099.141
947,1450227.724,22116.608
948,1450244.436,22133.949
949,1450260.924,22149.787
950,1450277.604,22166.011
951,1450294.305,22182.594
952,1450310.974,22199.507
953,1450327.618,22216.885
954,1450344.334,22233.399
955,1450360.979,22249.494
956,1450377.703,22266.523
957,1450394.386,22282.757
958,1450411.041,22299.891
959,1450427.848,22317.011
960,1450444.462,22332.821
961,1450461.126,22349.723
962,1450477.765,22366.854
963,1450494.494,22382.702
964,1450511.124,22399.811
965,1450527.856,22416.781
966,1450544.502,22433.273
967,1450561.222,22450.412
968,1450577.852,22466.190
969,1450594.591,22483.259
970,1450611.266,22500.159
971,1450627.909,22517.335
972,1450644.594,22533.022
973,1450661.341,22550.106
974,1450678.014,22567.288
975,1450694.659,22583.168
976,1450711.370,22599.940
977,1450728.024,22617.258
978,1450744.742,22632.974
979,1450761.380,22650.213
980,1450778.099,22667.010
981,1450794.794,22683.115
982,1450811.661,22701.370
983,1450828.186,22716.835
984,1450844.806,22733.006
985,1450861.536,22750.142
986,1450878.207,22766.881
987,1450894.854,22784.007
988,1450911.573,22799.796
989,1450928.229,22817.060
990,1450944.957,22834.066
991,1450961.570,22849.920
992,1450978.314,22866.906
993,1450995.030,22883.767
994,1451011.643,22899.792
995,1451028.356,22916.913
996,1451045.008,22933.621
997,1451061.722,22951.300
998,1451078.371,22966.763
999,1451095.086,22983.840
1000,1451111.742,23000.777
1001,1451128.465,23016.875
1002,1451145.153,23033.648
1003,1451161.781,23051.152
1004,1451178.507,23067.883
1005,1451195.152,23083.687
1006,1451211.872,23100.587
1007,1451228.558,23117.721
1008,1451245.471,23135.172
1009,1451261.969,23150.877
1010,1451278.646,23167.778
1011,1451295.307,23183.707
1012,1451311.974,23200.582
1013,1451328.625,23217.429
1014,1451345.354,23234.861
1015,1451362.027,23250.482
1016,1451378.696,23269.492
1017,1451395.398,23284.704
1018,1451412.034,23300.466
1019,1451428.804,23317.466
1020,1451445.471,23334.591
1021,1451462.360,23351.534
1022,1451478.816,23367.440
1023,1451495.478,23384.348
1024,1451512.182,23401.375
1025,1451528.824,23417.388
1026,1451545.562,23434.336
1027,1451562.229,23451.444
1028,1451578.873,23467.259
1029,1451595.618,23483.886
1030,1451612.236,23501.282
1031,1451628.965,23519.283
1032,1451645.647,23534.814
1033,1451662.294,23550.618
1034,1451679.045,23567.398
1035,1451695.703,23583.899
1036,1451712.382,23600.768
1037,1451729.030,23617.893
1038,1451745.756,23634.510
1039,1451762.390,23651.306
1040,1451779.112,23667.632
1041,1451795.755,23684.887
1042,1451812.543,23700.823
1043,1451829.311,23718.941
1044,1451845.895,23734.684
1045,1451862.512,23751.629
1046,1451879.233,23767.667
1047,1451895.923,23785.026
1048,1451912.554,23801.053
1049,1451929.271,23817.922
1050,1451945.916,23834.431
1051,1451962.636,23851.563
1052,1451979.282,23867.432
1053,1451996.244,23885.179
1054,1452012.699,23900.965
1055,1452029.367,23917.944
1056,1452046.019,23934.593
1057,1452062.732,23951.460
1058,1452079.380,23968.667
1059,1452096.102,23985.076
1060,1452112.745,24000.791
1061,1452129.480,24018.002
1062,1452146.158,24035.142
1063,1452162.834,24051.938
1064,1452179.491,24067.708
1065,1452196.209,24085.327
1066,1452212.894,24101.304
1067,1452229.575,24118.421
1068,1452246.404,24134.978
1069,1452263.115,24151.991
1070,1452279.736,24168.904
1071,1452296.337,24184.960
1072,1452312.956,24201.248
1073,1452329.629,24218.460
1074,1452346.363,24234.606
1075,1452363.037,24251.635
1076,1452379.681,24268.989
1077,1452396.407,24285.252
1078,1452413.047,24301.159
1079,1452429.776,24318.121
1080,1452446.419,24335.179
1081,1452463.149,24352.187
1082,1452479.830,24368.045
1083,1452496.506,24385.136
1084,1452513.150,24402.099
1085,1452529.872,24418.120
1086,1452546.519,24435.396
1087,1452563.242,24452.004
1088,1452579.883,24468.091
1089,1452596.613,24485.001
1090,1452613.292,24501.912
1091,1452629.955,24519.935
1092,1452646.658,24535.926
1093,1452663.311,24552.037
1094,1452680.069,24569.004
1095,1452696.725,24585.247
1096,1452713.395,24602.317
1097,1452730.050,24618.272
1098,1452746.773,24635.233
1099,1452763.447,24652.394
1100,1452780.086,24668.294
1101,1452796.813,24685.406
1102,1452813.492,24702.328
1103,1452830.189,24719.095
1104,1452847.009,24736.362
1105,1452863.575,24752.144
1106,1452880.192,24769.135
1107,1452896.914,24785.259
1108,1452913.559,24801.975
1109,1452930.286,24818.924
1110,1452946.922,24835.939
1111,1452963.658,24851.953
1112,1452980.353,24869.085
1113,1452996.964,24885.276
1114,1453013.655,24902.333
1115,1453030.376,24918.976
1116,1453047.077,24936.102
1117,1453063.783,24953.244
1118,1453080.440,24969.050
1119,1453097.092,24986.020
1120,1453097.092,24990.059
1121,1453113.844,25004.442
1122,1453130.491,25021.403
1123,1453147.168,25038.497
1124,1453163.819,25054.380
1125,1453180.538,25071.409
1126,1453197.182,25088.313
1127,1453213.903,25105.254
1128,1453230.558,25121.308
1129,1453247.410,25137.739
1130,1453264.057,25154.920
1131,1453280.789,25172.080
1132,1453297.376,25187.633
1133,1453313.971,25204.885
1134,1453330.688,25221.604
1135,1453347.325,25238.783
1136,1453364.069,25254.588
1137,1453380.696,25271.660
1138,1453397.420,25288.502
1139,1453414.098,25304.663
1140,1453430.751,25321.530
1141,1453447.470,25338.484
1142,1453464.160,25354.878
1143,1453480.807,25371.557
1144,1453497.523,25388.511
1145,1453514.159,25404.437
1146,1453530.894,25421.662
1147,1453547.858,25438.763
1148,1453564.448,25454.389
1149,1453580.973,25471.323
1150,1453597.647,25488.366
1151,1453614.321,25504.051
1152,1453631.001,25523.089
1153,1453647.688,25537.937
1154,1453664.323,25554.590
1155,1453681.076,25571.366
1156,1453697.689,25588.424
1157,1453714.418,25604.459
1158,1453731.143,25621.408
1159,1453747.784,25637.945
1160,1453764.417,25654.957
1161,1453781.157,25671.916
1162,1453797.827,25687.658
1163,1453814.473,25704.545
1164,1453831.198,25721.426
1165,1453847.881,25738.460
1166,1453864.682,25754.457
1167,1453881.247,25771.421
1168,1453897.941,25788.331
1169,1453914.572,25804.359
1170,1453931.299,25821.360
1171,1453947.943,25837.800
1172,1453964.654,25854.931
1173,1453981.317,25871.854
1174,1453998.040,25887.828
1175,1454014.708,25904.740
1176,1454031.349,25921.818
1177,1454048.134,25937.758
1178,1454064.785,25955.124
1179,1454081.424,25971.921
1180,1454098.141,25987.590
1181,1454114.814,26004.907
1182,1454131.456,26021.812
1183,1454148.179,26037.820
1184,1454164.827,26054.638
1185,1454181.558,26071.532
1186,1454198.235,26088.763
1187,1454214.914,26104.607
1188,1454231.613,26121.731
1189,1454248.278,26138.563
1190,1454265.103,26154.609
1191,1454281.681,26171.572
1192,1454298.560,26188.346
1193,1454315.148,26205.013
1194,1454331.706,26221.346
1195,1454348.348,26238.275
1196,1454365.124,26255.215
1197,1454381.791,26271.340
1198,1454398.438,26288.301
1199,1454415.080,26304.295
1200,1454431.804,26321.279
1201,1454448.445,26338.545
1202,1454465.164,26355.197
1203,1454481.822,26371.047
1204,1454498.533,26388.273
1205,1454515.174,26405.280
1206,1454531.901,26421.241
1207,1454548.551,26438.121
1208,1454565.280,26455.123
1209,1454581.956,26471.100
1210,1454598.596,26488.080
1211,1454615.320,26505.865
1212,1454631.974,26520.994
1213,1454648.697,26538.041
1214,1454665.369,26554.839
1215,1454682.040,26570.991
1216,1454698.773,26587.933
1217,1454715.434,26605.113
1218,1454732.078,26621.828
1219,1454748.793,26637.854
1220,1454765.437,26654.817
1221,1454782.166,26671.742
1222,1454798.843,26687.691
1223,1454815.481,26704.853
1224,1454832.387,26721.712
1225,1454848.898,26737.243
1226,1454865.717,26755.210
1227,1454882.300,26771.072
1228,1454898.987,26788.326
1229,1454915.592,26805.173
1230,1454932.317,26820.973
1231,1454948.953,26838.180
1232,1454965.696,26855.233
1233,1454982.364,26871.168
1234,1454999.043,26888.050
1235,1455015.693,26904.977
1236,1455032.416,26920.899
1237,1455049.100,26937.989
1238,1455065.745,26955.169
1239,1455082.419,26970.795
1240,1455099.151,26987.664
1241,1455115.873,27004.538
1242,1455132.487,27021.507
1243,1455149.194,27037.972
1244,1455165.857,27055.234
1245,1455182.574,27070.947
1246,1455199.254,27087.661
1247,1455215.923,27104.486
1248,1455232.580,27121.294
1249,1455249.298,27137.842
1250,1455266.188,27155.073
1251,1455282.673,27171.122
1252,1455299.364,27188.658
1253,1455316.037,27204.387
1254,1455332.713,27221.291
1255,1455349.353,27237.740
1256,1455366.075,27254.747
1257,1455382.718,27271.799
1258,1455399.447,27288.513
1259,1455416.232,27307.342
1260,1455432.919,27321.254
1261,1455449.487,27337.847
1262,1455466.177,27354.945
1263,1455482.828,27371.565
1264,1455499.546,27388.251
1265,1455516.190,27405.462
1266,1455532.925,27421.318
1267,1455549.559,27438.053
1268,1455566.292,27455.046
1269,1455582.964,27472.055
1270,1455599.650,27488.513
1271,1455616.288,27505.340
1272,1455633.032,27521.779
1273,1455649.721,27537.767
1274,1455666.349,27555.192
1275,1455683.083,27571.923
1276,1455699.717,27588.370
1277,1455716.439,27605.469
1278,1455733.095,27621.326
1279,1455749.794,27638.896
1280,1455766.442,27654.915
1281,1455783.165,27671.733
1282,1455799.813,27688.343
1283,1455816.547,27705.339
1284,1455833.219,27722.378
1285,1455849.856,27738.932
1286,1455866.604,27754.993
1287,1455883.235,27771.769
1288,1455899.959,27788.745
1289,1455916.648,27805.788
1290,1455933.318,27821.627
1291,1455949.961,27838.784
1292,1455966.849,27856.000
1293,1455983.474,27872.684
1294,1456000.079,27888.737
1295,1456016.702,27905.433
1296,1456033.433,27922.484
1297,1456050.101,27939.110
1298,1456066.740,27954.936
1299,1456083.469,27971.934
1300,1456100.107,27988.828
1301,1456116.880,28006.033
1302,1456133.504,28022.002
1303,1456150.203,28038.324
1304,1456166.853,28055.431
1305,1456183.570,28072.465
1306,1456200.214,28088.246
1307,1456216.961,28105.170
1308,1456233.641,28122.216
1309,1456250.302,28138.932
1310,1456267.037,28156.074
1311,1456283.819,28172.715
1312,1456300.363,28188.708
1313,1456316.996,28205.705
1314,1456333.721,28222.753
1315,1456350.362,28239.202
1316,1456367.087,28255.345
1317,1456383.732,28272.373
1318,1456400.493,28289.286
1319,1456417.104,28305.319
1320,1456433.828,28322.143
1321,1456450.463,28339.100
1322,1456467.183,28356.120
1323,1456483.846,28371.990
1324,1456500.603,28389.079
1325,1456517.362,28406.880
1326,1456533.920,28422.594
1327,1456550.619,28439.220
1328,1456567.245,28456.345
1329,1456584.008,28472.366
1330,1456600.654,28489.035
1331,1456617.295,28506.542
1332,1456633.980,28522.684
1333,1456650.709,28539.220
1334,1456667.384,28556.519
1335,1456684.086,28572.251
1336,1456700.725,28589.180
1337,1456717.442,28605.620
1338,1456734.102,28622.527
1339,1456750.821,28639.372
1340,1456767.497,28656.357
1341,1456784.135,28672.302
1342,1456800.861,28689.397
1343,1456817.514,28706.161
1344,1456834.236,28723.332
1345,1456850.906,28739.162
1346,1456867.567,28755.690
1347,1456884.303,28772.799
1348,1456900.960,28789.765
1349,1456917.604,28805.703
1350,1456934.332,28822.525
1351,1456950.967,28839.213
1352,1456967.690,28856.298
1353,1456984.489,28873.587
1354,1457001.120,28890.190
1355,1457017.736,28906.025
1356,1457034.432,28923.350
1357,1457051.118,28940.156
1358,1457067.793,28956.129
1359,1457084.475,28973.111
1360,1457101.118,28989.242
1361,1457118.135,29007.056
1362,1457134.543,29022.877
1363,1457151.184,29039.483
1364,1457167.899,29056.343
1365,1457184.540,29073.617
1366,1457201.269,29089.473
1367,1457217.949,29106.404
1368,1457234.606,29123.366
1369,1457251.315,29140.408
1370,1457267.958,29156.373
1371,1457284.875,29173.569
1372,1457301.395,29190.665
1373,1457318.012,29206.849
1374,1457334.733,29223.882
1375,1457351.373,29239.357
1376,1457368.114,29256.457
1377,1457384.739,29273.465
1378,1457401.468,29290.609
1379,1457418.113,29306.360
1380,1457434.834,29323.329
1381,1457451.478,29340.548
1382,1457468.208,29356.388
1383,1457484.893,29373.382
1384,1457501.569,29390.285
1385,1457518.239,29406.435
1386,1457535.098,29423.342
1387,1457551.637,29440.284
1388,1457568.270,29456.489
1389,1457584.982,29473.409
1390,1457601.627,29490.782
1391,1457618.350,29507.720
1392,1457635.002,29523.955
1393,1457651.953,29540.488
1394,1457668.446,29557.525
1395,1457685.090,29573.306
1396,1457701.731,29590.189
1397,1457718.462,29606.959
1398,1457735.106,29623.831
1399,1457751.831,29640.429
1400,1457768.505,29657.882
1401,1457785.184,29673.489
1402,1457801.830,29690.348
1403,1457818.600,29707.074
1404,1457835.240,29724.066
1405,1457851.884,29740.694
1406,1457868.604,29757.722
1407,1457885.249,29773.636
1408,1457901.971,29790.694
1409,1457918.616,29807.030
1410,1457935.335,29824.002
1411,1457951.978,29840.729
1412,1457968.878,29857.741
1413,1457985.462,29873.756
1414,1458002.303,29890.780
1415,1458018.824,29907.777
1416,1458035.481,29923.714
1417,1458052.113,29940.502
1418,1458068.835,29957.096
1419,1458085.496,29974.115
1420,1458102.177,29991.102
1421,1458118.820,30007.196
1422,1458135.555,30024.079
1423,1458152.225,30040.531
1424,1458168.913,30057.091
1425,1458185.610,30074.054
1426,1458202.242,30091.255
1427,1458218.957,30107.400
1428,1458235.618,30124.052
1429,1458252.335,30140.387
1430,1458269.006,30157.945
1431,1458285.861,30174.112
1432,1458302.426,30191.118
1433,1458319.028,30208.143
1434,1458335.747,30224.067
1435,1458352.388,30240.487
1436,1458369.116,30258.092
1437,1458385.756,30273.944
1438,1458402.484,30290.951
1439,1458419.167,30310.821
1440,1458435.848,30324.039
1441,1458452.542,30341.744
1442,1458469.363,30357.975
1443,1458485.888,30373.974
1444,1458502.581,30391.078
1445,1458519.225,30407.760
1446,1458535.950,30424.522
1447,1458552.626,30441.582
1448,1458569.278,30457.631
1449,1458585.990,30474.648
1450,1458602.639,30491.728
1451,1458619.362,30509.117
1452,1458636.038,30524.166
1453,1458652.764,30541.742
1454,1458669.412,30558.048
1455,1458686.114,30575.216
1456,1458702.749,30591.238
1457,1458719.471,30607.593
1458,1458736.115,30624.557
1459,1458752.830,30641.650
1460,1458769.477,30657.988
1461,1458786.208,30675.347
1462,1458802.881,30691.197
1463,1458819.535,30708.100
1464,1458836.247,30725.011
1465,1458852.897,30741.423
1466,1458869.617,30758.535
1467,1458886.261,30774.442
1468,1458902.982,30791.368
1469,1458919.629,30808.581
1470,1458936.344,30824.463
1471,1458952.995,30841.382
1472,1458969.710,30858.301
1473,1458986.366,30874.619
1474,1459003.147,30891.407
1475,1459019.875,30909.048
1476,1459036.454,30924.902
1477,1459053.143,30941.443
1478,1459069.784,30958.463
1479,1459086.501,30975.633
1480,1459103.154,30991.413
1481,1459119.869,31008.425
1482,1459136.513,31025.457
1483,1459153.232,31041.493
1484,1459169.886,31058.241
1485,1459186.607,31075.769
1486,1459203.291,31091.698
1487,1459219.981,31108.426
1488,1459236.631,31125.391
1489,1459253.348,31142.446
1490,1459270.026,31158.971
1491,1459286.713,31175.358
1492,1459303.545,31192.007
1493,1459320.055,31208.872
1494,1459336.759,31225.999
1495,1459353.399,31241.941
1496,1459370.121,31259.013
1497,1459386.786,31274.962
1498,1459403.495,31292.077
1499,1459420.133,31308.876
1500,1459436.802,31324.793
1501,1459453.498,31341.903
1502,1459470.246,31358.918
1503,1459487.039,31376.089
1504,1459503.605,31391.781
1505,1459520.281,31408.593
1506,1459536.911,31425.970
1507,1459553.644,31441.718
1508,1459570.285,31458.682
1509,1459587.005,31475.758
1510,1459603.648,31491.975
1511,1459620.375,31509.829
1512,1459637.019,31526.136
1513,1459653.782,31542.798
1514,1459670.471,31558.792
1515,1459687.113,31575.891
1516,1459703.755,31592.857
1517,1459720.493,31608.628
1518,1459737.172,31625.558
1519,1459753.801,31642.605
1520,1459770.519,31658.529
1521,1459787.170,31675.549
1522,1459803.890,31692.733
1523,1459820.535,31708.765
1524,1459837.317,31725.391
1525,1459853.903,31742.534
1526,1459870.633,31759.464
1527,1459887.274,31775.567
1528,1459903.997,31792.399
1529,1459920.866,31809.499
1530,1459937.371,31825.514
1531,1459953.996,31842.308
1532,1459970.687,31859.337
1533,1459987.426,31876.390
1534,1460004.117,31892.324
1535,1460020.819,31909.370
1536,1460037.539,31926.502
1537,1460054.178,31942.240
1538,1460070.798,31959.191
1539,1460087.512,31976.298
1540,1460104.170,31992.339
1541,1460120.881,32009.333
1542,1460137.526,32025.711
1543,1460154.243,32043.254
1544,1460170.896,32059.241
1545,1460187.641,32075.867
1546,1460204.331,32092.963
1547,1460220.998,32109.793
1548,1460237.754,32126.886
1549,1460254.364,32143.371
1550,1460271.007,32159.042
1551,1460287.722,32176.786
1552,1460304.552,32192.567
1553,1460321.142,32209.463
1554,1460337.769,32226.753
1555,1460354.407,32243.082
1556,1460371.131,32260.149
1557,1460387.782,32276.668
1558,1460404.524,32292.679
1559,1460421.147,32309.529
1560,1460437.860,32326.332
1561,1460454.737,32342.820
1562,1460471.259,32359.895
1563,1460487.908,32376.041
1564,1460504.861,32394.239
1565,1460521.316,32410.057
1566,1460537.931,32425.910
1567,1460554.649,32442.973
1568,1460571.298,32459.918
1569,1460588.021,32476.945
1570,1460604.745,32493.275
1571,1460621.521,32511.050
1572,1460638.154,32526.470
1573,1460654.753,32543.761
1574,1460671.423,32559.392
1575,1460688.143,32576.746
1576,1460704.805,32593.508
1577,1460721.448,32609.560
1578,1460738.183,32626.433
1579,1460754.812,32643.378
1580,1460771.534,32660.492
1581,1460788.179,32676.339
1582,1460804.908,32693.369
1583,1460821.553,32710.698
1584,1460838.267,32726.323
1585,1460854.923,32743.274
1586,1460871.642,32760.353
1587,1460888.314,32776.988
1588,1460904.972,32793.954
1589,1460921.696,32810.022
1590,1460938.371,32826.780
1591,1460955.011,32843.376
1592,1460971.747,32860.204
1593,1460988.420,32877.474
1594,1461005.069,32893.141
1595,1461021.788,32910.173
1596,1461038.572,32927.491
1597,1461055.248,32944.326
1598,1461071.828,32960.194
1599,1461088.532,32977.297
1600,1461105.173,32993.413
1601,1461121.897,33010.315
1602,1461138.533,33027.146
1603,1461155.352,33044.508
1604,1461171.938,33060.296
1605,1461188.660,33077.087
1606,1461205.313,33094.274
1607,1461221.972,33110.299
1608,1461238.722,33126.973
1609,1461255.375,33144.188
1610,1461272.042,33161.433
1611,1461288.684,33177.094
1612,1461305.595,33194.051
1613,1461322.099,33211.236
1614,1461338.923,33228.212
1615,1461355.515,33243.990
1616,1461372.161,33260.848
1617,1461388.798,33277.003
1618,1461405.511,33293.906
1619,1461422.159,33313.778
1620,1461438.890,33327.195
1621,1461455.564,33344.054
1622,1461472.200,33361.150
1623,1461488.929,33377.233
1624,1461505.726,33393.979
1625,1461522.409,33411.082
1626,1461538.986,33427.079
1627,1461555.630,33444.113
1628,1461572.346,33461.407
1629,1461589.027,33477.453
1630,1461605.673,33494.924
1631,1461622.394,33511.813
1632,1461639.035,33528.468
1633,1461655.766,33544.085
1634,1461672.468,33560.966
1635,1461689.167,33577.491
1636,1461705.781,33594.666
1637,1461722.526,33611.799
1638,1461739.149,33627.319
1639,1461755.874,33644.516
1640,1461772.539,33661.429
1641,1461789.184,33677.357
1642,1461805.962,33694.294
1643,1461822.562,33711.410
1644,1461839.294,33727.839
1645,1461855.920,33744.031
1646,1461872.640,33760.868
1647,1461889.296,33777.498
1648,1461906.015,33794.416
1649,1461922.658,33811.368
1650,1461939.387,33828.062
1651,1461956.061,33845.041
1652,1461972.708,33860.880
1653,1461989.434,33878.573
1654,1462006.080,33894.320
1655,1462022.797,33911.239
1656,1462039.435,33927.884
1657,1462056.327,33944.773
1658,1462072.904,33961.963
1659,1462089.562,33978.274
1660,1462106.221,33994.393
1661,1462122.861,34011.396
1662,1462139.579,34027.831
1663,1462156.226,34044.902
1664,1462172.958,34062.074
1665,1462189.639,34078.660
1666,1462206.322,34094.477
1667,1462223.002,34111.441
1668,1462239.649,34127.925
1669,1462256.378,34144.693
1670,1462273.052,34161.744
1671,1462289.699,34178.420
1672,1462306.478,34196.106
1673,1462323.213,34211.474
1674,1462339.824,34227.865
1675,1462356.434,34244.841
1676,1462373.188,34261.817
1677,1462389.808,34278.209
1678,1462406.516,34295.407
1679,1462423.165,34311.185
1680,1462439.901,34328.642
1681,1462456.568,34344.666
1682,1462473.211,34361.409
1683,1462489.935,34378.933
1684,1462506.583,34394.992
1685,1462523.438,34411.667
1686,1462540.031,34429.126
1687,1462556.692,34444.792
1688,1462573.313,34461.588
1689,1462590.035,34478.508
1690,1462606.680,34494.696
1691,1462623.401,34512.548
1692,1462640.052,34528.605
1693,1462656.767,34545.689
1694,1462673.432,34561.586
1695,1462690.152,34578.400
1696,1462706.789,34595.779
1697,1462723.513,34611.553
1698,1462740.446,34628.389
1699,1462756.877,34645.365
1700,1462773.520,34661.625
1701,1462790.237,34678.256
1702,1462806.894,34695.449
1703,1462823.615,34712.814
1704,1462840.287,34728.914
1705,1462856.938,34745.468
1706,1462873.654,34762.582
1707,1462890.296,34778.208
1708,1462907.035,34795.414
1709,1462923.714,34812.584
1710,1462940.355,34828.280
1711,1462957.070,34845.421
1712,1462973.727,34862.190
1713,1462990.442,34879.294
1714,1463007.087,34895.175
1715,1463023.808,34912.396
1716,1463040.447,34929.371
1717,1463057.168,34945.338
1718,1463073.962,34962.258
1719,1463090.631,34979.200
1720,1463107.224,34995.202
1721,1463123.915,35013.030
1722,1463140.559,35028.846
1723,1463157.274,35046.501
1724,1463173.925,35062.238
1725,1463190.651,35079.073
1726,1463207.325,35096.469
1727,1463223.969,35113.005
1728,1463240.702,35128.745
1729,1463257.334,35146.453
1730,1463274.291,35163.190
1731,1463290.767,35179.079
1732,1463307.424,35196.395
1733,1463324.238,35212.464
1734,1463340.828,35229.387
1735,1463357.447,35246.120
1736,1463374.240,35262.585
1737,1463390.854,35279.551
1738,1463407.493,35295.951
1739,1463424.253,35312.753
1740,1463440.911,35329.675
1741,1463457.578,35346.133
1742,1463474.229,35362.715
1743,1463490.950,35379.561
1744,1463507.589,35395.839
1745,1463524.441,35413.187
1746,1463541.180,35429.976
1747,1463557.819,35446.729
1748,1463574.571,35462.727
1749,1463591.224,35479.415
1750,1463607.762,35497.018
1751,1463624.435,35513.954
1752,1463641.080,35530.147
1753,1463657.828,35546.944
1754,1463674.458,35562.667
1755,1463691.177,35579.380
1756,1463707.834,35596.457
1757,1463724.480,35612.700
1758,1463741.212,35629.517
1759,1463757.849,35646.527
1760,1463774.578,35662.654
1761,1463791.244,35679.259
1762,1463807.943,35696.675
1763,1463824.580,35712.680
1764,1463841.297,35729.687
1765,1463857.945,35746.525
1766,1463874.663,35763.553
1767,1463891.312,35779.367
1768,1463908.034,35796.273
1769,1463924.689,35813.628
1770,1463941.415,35829.445
1771,1463958.083,35846.638
1772,1463974.724,35862.939
1773,1463991.463,35879.806
1774,1464008.090,35896.977
1775,1464024.829,35912.880
1776,1464041.512,35929.878
1777,1464058.182,35946.161
1778,1464074.838,35963.163
1779,1464091.734,35980.595
1780,1464108.333,35996.438
1781,1464124.893,36013.105
1782,1464141.566,36029.989
1783,1464158.292,36046.621
1784,1464174.969,36063.707
1785,1464191.614,36079.793
1786,1464208.334,36096.787
1787,1464225.101,36114.176
1788,1464241.802,36129.906
1789,1464258.401,36147.321
1790,1464275.076,36163.175
1791,1464291.723,36179.923
1792,1464308.432,36197.346
1793,1464325.254,36213.366
1794,1464341.879,36230.062
1795,1464358.509,36247.140
1796,1464375.170,36263.094
1797,1464391.821,36279.977
1798,1464408.539,36297.061
1799,1464425.230,36317.182
1800,1464441.874,36329.815
1801,1464458.591,36346.882
1802,1464475.232,36364.037
1803,1464491.966,36379.838
1804,1464508.602,36397.137
1805,1464525.321,36413.800
1806,1464542.064,36430.170
1807,1464558.828,36448.047
1808,1464575.391,36463.711
1809,1464592.059,36481.175
1810,1464608.701,36496.961
1811,1464625.435,36514.896
1812,1464642.116,36531.069
1813,1464658.744,36546.867
1814,1464675.498,36563.774
1815,1464692.168,36580.770
1816,1464708.838,36596.926
1817,1464725.486,36613.533
1818,1464742.221,36630.524
1819,1464758.851,36647.126
1820,1464775.576,36663.723
1821,1464792.214,36681.064
1822,1464808.983,36697.863
1823,1464825.585,36714.654
1824,1464842.305,36730.486
1825,1464858.957,36747.332
1826,1464875.675,36764.419
1827,1464892.316,36780.341
1828,1464909.046,36797.471
1829,1464925.688,36814.470
1830,1464942.421,36831.439
1831,1464959.088,36847.123
1832,1464975.733,36864.284
1833,1464992.457,36881.335
1834,1465009.102,36897.125
1835,1465025.829,36914.129
1836,1465042.481,36931.436
1837,1465059.201,36947.297
1838,1465075.873,36964.905
1839,1465092.551,36980.514
1840,1465109.345,36997.817
1841,1465125.988,37014.908
1842,1465142.596,37030.790
1843,1465159.302,37048.159
1844,1465175.940,37063.877
1845,1465192.667,37080.937
1846,1465209.343,37098.334
1847,1465225.988,37114.473
1848,1465242.724,37131.547
1849,1465259.356,37148.090
1850,1465276.083,37164.407
1851,1465292.753,37181.045
1852,1465309.406,37198.045
1853,1465326.332,37214.597
1854,1465342.926,37231.073
1855,1465359.479,37248.374
1856,1465376.191,37264.343
1857,1465392.860,37281.109
1858,1465409.575,37298.270
1859,1465426.258,37314.836
1860,1465442.925,37330.858
1861,1465459.636,37348.242
1862,1465476.249,37364.301
1863,1465492.975,37381.307
1864,1465509.610,37398.247
1865,1465526.332,37414.884
1866,1465542.976,37431.907
1867,1465559.734,37448.157
1868,1465576.721,37464.990
1869,1465593.123,37481.795
1870,1465609.708,37497.916
1871,1465626.389,37515.511
1872,1465643.120,37531.784
1873,1465659.760,37548.493
1874,1465676.507,37564.766
1875,1465693.130,37581.952
1876,1465709.849,37597.823
1877,1465726.500,37614.810
1878,1465743.230,37631.922
1879,1465759.861,37648.436
1880,1465776.583,37664.567
1881,1465793.259,37681.488
1882,1465809.965,37698.293
1883,1465826.590,37714.660
1884,1465843.322,37731.655
1885,1465860.009,37748.551
1886,1465876.687,37764.881
1887,1465893.353,37781.895
1888,1465910.053,37798.831
1889,1465926.695,37814.927
1890,1465943.423,37831.856
1891,1465960.103,37848.792
1892,1465976.748,37864.800
1893,1465993.471,37881.619
1894,1466010.112,37898.598
1895,1466026.834,37915.899
1896,1466043.485,37931.695
1897,1466060.200,37948.795
1898,1466076.845,37965.742
1899,1466093.567,37981.568
1900,1466110.482,37998.639
1901,1466127.088,38015.926
1902,1466143.679,38031.633
1903,1466160.312,38048.453
1904,1466176.950,38065.503
1905,1466193.679,38082.408
1906,1466210.351,38098.391
1907,1466227.028,38115.534
1908,1466243.738,38132.783
1909,1466260.369,38148.565
1910,1466277.093,38165.428
1911,1466293.735,38182.028
1912,1466310.454,38198.260
1913,1466327.100,38215.552
1914,1466344.024,38232.280
1915,1466360.483,38248.420
1916,1466377.197,38265.166
1917,1466393.832,38282.193
1918,1466410.559,38299.310
1919,1466427.246,38315.422
1920,1466443.932,38332.086
1921,1466460.624,38349.070
1922,1466477.251,38365.545
1923,1466493.981,38381.972
1924,1466510.616,38398.981
1925,1466527.346,38416.486
1926,1466544.035,38432.223
1927,1466560.708,38449.111
1928,1466577.353,38466.249
1929,1466594.092,38481.959
1930,1466610.714,38498.939
1931,1466627.441,38517.395
1932,1466644.083,38531.979
1933,1466660.877,38549.101
1934,1466677.654,38566.140
1935,1466694.184,38582.914
1936,1466710.859,38599.069
1937,1466727.504,38616.151
1938,1466744.234,38633.014
1939,1466760.874,38648.983
1940,1466777.600,38665.840
1941,1466794.243,38682.282
1942,1466810.976,38699.489
1943,1466827.648,38716.414
1944,1466844.293,38732.423
1945,1466861.019,38748.943
1946,1466877.709,38766.017
1947,1466894.387,38782.798
1948,1466911.020,38798.771
1949,1466927.749,38815.938
1950,1466944.388,38832.323
1951,1466961.111,38849.847
1952,1466977.760,38865.870
1953,1466994.481,38883.434
1954,1467011.121,38899.134
1955,1467027.851,38916.291
1956,1467044.538,38933.512
1957,1467061.214,38949.892
1958,1467077.857,38965.976
1959,1467094.577,38983.346
1960,1467111.226,38999.181
1961,1467128.006,39016.316
1962,1467144.776,39033.506
1963,1467161.338,39049.899
1964,1467177.960,39066.902
1965,1467194.696,39083.097
1966,1467211.362,39100.443
1967,1467228.013,39116.299
1968,1467244.737,39133.249
1969,1467261.389,39149.905
1970,1467278.121,39166.616
1971,1467294.771,39182.721
1972,1467311.478,39199.668
1973,1467328.129,39216.529
1974,1467345.044,39233.956
1975,1467361.525,39249.847
1976,1467378.222,39266.639
1977,1467394.882,39283.861
1978,1467411.528,39299.421
1979,1467428.245,39316.468
1980,1467444.899,39333.474
1981,1467461.622,39349.760
1982,1467478.301,39366.524
1983,1467494.957,39383.382
1984,1467511.679,39400.521
1985,1467528.355,39416.492
1986,1467544.999,39433.091
1987,1467561.713,39450.473
1988,1467578.360,39466.523
1989,1467595.114,39483.226
1990,1467611.895,39500.535
1991,1467628.459,39518.493
1992,1467645.143,39534.349
1993,1467661.779,39550.148
1994,1467678.519,39567.441
1995,1467695.154,39583.617
1996,1467711.872,39600.844
1997,1467728.516,39616.716
1998,1467745.254,39633.239
1999,1467761.919,39650.077
2000,1467778.575,39667.452
2001,1467795.295,39683.676
2002,1467811.969,39700.700
2003,1467828.616,39716.753
2004,1467845.340,39733.709
2005,1467862.029,39751.064
2006,1467878.658,39766.665
2007,1467895.399,39784.184
2008,1467912.066,39800.073
2009,1467928.709,39817.138
2010,1467945.391,39833.543
2011,1467962.117,39850.702
2012,1467978.799,39867.714
2013,1467995.494,39884.133
2014,1468012.129,39900.037
2015,1468028.856,39917.024
2016,1468045.506,39933.492
2017,1468062.231,39950.450
2018,1468078.903,39967.672
2019,1468095.563,39984.084
2020,1468112.287,40001.139
2021,1468128.958,40017.023
2022,1468145.770,40034.384
2023,1468162.351,40051.361
2024,1468179.039,40066.964
2025,1468195.651,40083.512
2026,1468212.376,40100.442
2027,1468229.015,40117.636
2028,1468245.746,40133.759
2029,1468262.380,40150.849
2030,1468279.107,40166.937
2031,1468295.747,40183.493
2032,1468312.473,40200.605
2033,1468329.112,40217.658
2034,1468346.017,40234.079
2035,1468362.580,40251.007
2036,1468379.233,40268.215
2037,1468395.899,40284.857
2038,1468412.581,40300.547
2039,1468429.457,40317.719
2040,1468445.943,40333.840
2041,1468462.588,40350.728
2042,1468479.271,40367.991
2043,1468495.992,40384.635
2044,1468512.677,40400.530
2045,1468529.388,40417.576
2046,1468546.045,40434.635
2047,1468562.688,40451.503
2048,1468579.407,40467.521
2049,1468596.053,40484.271
2050,1468612.909,40501.470
2051,1468629.499,40519.497
2052,1468646.195,40534.249
2053,1468662.804,40551.387
2054,1468679.535,40568.404
2055,1468696.167,40584.275
2056,1468712.905,40601.274
2057,1468729.579,40618.205
2058,1468746.251,40634.620
2059,1468762.891,40651.512
2060,1468779.609,40668.334
2061,1468796.263,40684.175
2062,1468812.980,40701.190
2063,1468829.627,40717.942
2064,1468846.368,40735.345
2065,1468863.033,40751.031
2066,1468879.674,40768.064
2067,1468896.395,40784.432
2068,1468913.042,40801.462
2069,1468929.765,40818.475
2070,1468946.404,40834.420
2071,1468963.358,40851.999
2072,1468979.820,40867.911
2073,1468996.496,40884.636
2074,1469013.143,40901.290
2075,1469029.872,40918.221
2076,1469046.546,40935.507
2077,1469063.230,40951.636
2078,1469079.871,40968.656
2079,1469096.599,40984.446
2080,1469113.280,41002.109
2081,1469129.919,41018.030
2082,1469146.642,41034.870
2083,1469163.346,41052.145
2084,1469180.130,41069.039
2085,1469196.699,41085.843
2086,1469213.395,41101.516
2087,1469230.030,41118.367
2088,1469246.754,41135.496
2089,1469263.392,41151.721
2090,1469280.113,41168.947
2091,1469296.765,41184.935
2092,1469313.487,41201.394
2093,1469330.165,41218.272
2094,1469346.809,41235.464
2095,1469363.713,41252.366
2096,1469380.244,41268.306
2097,1469396.904,41284.703
2098,1469413.544,41301.850
2099,1469430.285,41318.764
2100,1469446.913,41334.774
2101,1469463.636,41352.402
2102,1469480.325,41368.230
2103,1469497.010,41385.851
2104,1469513.700,41401.659
2105,1469530.387,41418.573
2106,1469547.023,41435.902
2107,1469563.742,41452.438
2108,1469580.382,41469.336
2109,1469597.105,41485.989
2110,1469613.745,41502.339
2111,1469630.488,41520.365
2112,1469647.157,41535.771
2113,1469663.836,41552.073
2114,1469680.500,41569.050
2115,1469697.218,41585.842
2116,1469714.031,41602.210
2117,1469730.602,41619.144
2118,1469747.281,41636.310
2119,1469763.896,41651.989
2120,1469780.625,41669.056
2121,1469797.308,41685.495
2122,1469813.957,41702.070
2123,1469830.681,41718.898
2124,1469847.310,41736.104
2125,1469847.310,41740.122
2126,1469864.043,41754.656
2127,1469880.678,41771.132
2128,1469897.406,41787.549
2129,1469914.042,41804.687
2130,1469930.770,41821.513
2131,1469947.430,41837.933
2132,1469964.139,41854.796
2133,1469980.790,41871.554
2134,1469997.523,41887.440
2135,1470014.149,41904.464
2136,1470030.880,41921.356
2137,1470047.554,41937.506
2138,1470064.249,41954.646
2139,1470080.914,41971.455
2140,1470097.560,41987.015
2141,1470114.285,42003.872
2142,1470130.928,42020.991
2143,1470147.650,42038.046
2144,1470164.301,42055.061
2145,1470181.170,42070.955
2146,1470197.706,42088.133
2147,1470214.389,42105.146
2148,1470231.034,42120.963
2149,1470247.774,42138.049
2150,1470264.431,42155.079
2151,1470281.084,42170.831
2152,1470297.807,42187.590
2153,1470314.480,42204.605
2154,1470331.131,42220.646
2155,1470347.855,42238.111
2156,1470364.736,42254.992
2157,1470381.193,42270.886
2158,1470397.904,42287.615
2159,1470414.556,42304.568
2160,1470431.275,42323.660
2161,1470447.964,42337.604
2162,1470464.642,42354.505
2163,1470481.329,42371.441
2164,1470498.014,42387.562
2165,1470514.647,42404.089
2166,1470531.364,42421.129
2167,1470548.082,42438.110
2168,1470564.755,42454.439
2169,1470581.419,42471.170
2170,1470598.064,42488.202
2171,1470614.790,42503.978
2172,1470631.479,42522.142
2173,1470648.299,42538.011
2174,1470664.889,42554.310
2175,1470681.564,42571.075
2176,1470698.178,42587.924
2177,1470714.898,42603.979
2178,1470731.548,42620.838
2179,1470748.274,42637.939
2180,1470764.909,42654.925
2181,1470781.628,42670.890
2182,1470798.275,42687.421
2183,1470815.019,42704.772
2184,1470831.681,42721.131
2185,1470848.326,42737.551
2186,1470865.051,42754.342
2187,1470881.696,42771.750
2188,1470898.431,42788.223
2189,1470915.103,42804.204
2190,1470931.742,42821.222
2191,1470948.477,42838.293
2192,1470965.147,42854.329
2193,1470981.791,42871.137
2194,1470998.516,42888.071
2195,1471015.163,42904.102
2196,1471031.891,42921.182
2197,1471048.569,42937.665
2198,1471065.206,42954.703
2199,1471081.926,42971.501
2200,1471098.569,42987.099
2201,1471115.298,43004.212
2202,1471131.941,43021.131
2203,1471148.665,43037.692
2204,1471165.305,43054.922
2205,1471182.440,43070.611
2206,1471198.790,43088.021
2207,1471215.375,43104.119
2208,1471232.126,43121.063
2209,1471248.785,43138.160
2210,1471265.421,43154.685
2211,1471282.140,43171.613
2212,1471298.777,43187.369
2213,1471315.514,43204.184
2214,1471332.157,43221.062
2215,1471348.879,43237.720
2216,1471365.750,43254.613
2217,1471382.284,43270.576
2218,1471398.939,43287.147
2219,1471415.569,43303.943
2220,1471432.288,43321.088
2221,1471448.940,43337.853
2222,1471465.653,43355.045
2223,1471482.305,43371.728
2224,1471499.034,43387.537
2225,1471515.705,43404.632
2226,1471532.350,43421.401
2227,1471549.084,43437.590
2228,1471565.759,43454.748
2229,1471582.477,43471.473
2230,1471599.098,43487.673
2231,1471615.804,43505.659
2232,1471632.454,43521.775
2233,1471649.173,43537.327
2234,1471665.944,43554.561
2235,1471682.638,43571.443
2236,1471699.228,43587.278
2237,1471716.139,43604.157
2238,1471732.694,43621.370
2239,1471749.284,43637.874
2240,1471765.920,43654.767
2241,1471782.648,43670.568
2242,1471799.286,43687.653
2243,1471816.050,43705.187
2244,1471832.695,43720.447
2245,1471849.372,43737.928
2246,1471866.020,43755.262
2247,1471882.744,43770.821
2248,1471899.430,43787.620
2249,1471916.064,43804.638
2250,1471932.790,43820.580
2251,1471949.445,43837.904
2252,1471966.150,43854.688
2253,1471982.798,43870.676
2254,1471999.530,43887.464
2255,1472016.162,43904.635
2256,1472032.891,43921.484
2257,1472049.536,43937.592
2258,1472066.258,43954.472
2259,1472082.940,43971.367
2260,1472099.582,43987.413
2261,1472116.312,44004.461
2262,1472132.946,44021.364
2263,1472149.673,44038.357
2264,1472166.357,44054.664
2265,1472183.001,44071.315
2266,1472199.753,44088.353
2267,1472216.559,44105.735
2268,1472233.134,44121.230
2269,1472249.742,44138.476
2270,1472266.430,44154.390
2271,1472283.202,44171.145
2272,1472299.837,44188.136
2273,1472316.469,44204.029
2274,1472333.200,44221.159
2275,1472349.833,44238.316
2276,1472366.576,44255.431
2277,1472383.429,44272.444
2278,1472399.936,44288.465
2279,1472416.584,44304.870
2280,1472433.295,44321.534
2281,1472449.938,44338.620
2282,1472466.666,44354.304
2283,1472483.345,44371.325
2284,1472500.019,44388.645
2285,1472516.666,44404.548
2286,1472533.407,44421.366
2287,1472550.069,44438.553
2288,1472566.716,44455.599
2289,1472583.492,44471.407
2290,1472600.104,44488.232
2291,1472616.814,44506.297
2292,1472633.457,44521.230
2293,1472650.174,44538.127
2294,1472666.899,44555.203
2295,1472683.685,44572.317
2296,1472700.252,44588.201
2297,1472716.921,44605.223
2298,1472733.558,44622.185
2299,1472750.301,44638.116
2300,1472767.006,44655.145
2301,1472783.658,44671.825
2302,1472800.288,44689.103
2303,1472817.024,44705.815
2304,1472833.694,44721.741
2305,1472850.335,44738.656
2306,1472867.062,44755.111
2307,1472883.707,44772.210
2308,1472900.430,44788.449
2309,1472917.087,44805.324
2310,1472933.792,44822.048
2311,1472950.443,44839.156
2312,1472967.158,44856.022
2313,1472983.811,44871.791
2314,1473000.531,44888.927
2315,1473017.177,44905.638
2316,1473033.894,44922.526
2317,1473050.544,44938.568
2318,1473067.276,44955.513
2319,1473083.951,44972.286
2320,1473100.588,44988.346
2321,1473117.317,45005.164
2322,1473133.949,45022.424
2323,1473150.681,45039.499
2324,1473167.328,45055.320
2325,1473184.047,45072.272
2326,1473200.685,45089.678
2327,1473217.447,45105.617
2328,1473234.170,45122.939
2329,1473250.857,45138.709
2330,1473267.448,45155.533
2331,1473284.165,45172.353
2332,1473300.835,45189.539
2333,1473317.473,45205.302
2334,1473334.200,45222.243
2335,1473350.839,45239.228
2336,1473367.567,45255.853
2337,1473384.393,45272.961
2338,1473400.989,45288.847
2339,1473417.617,45305.647
2340,1473434.261,45322.662
2341,1473450.999,45339.904
2342,1473467.666,45356.670
2343,1473484.332,45372.401
2344,1473501.046,45389.199
2345,1473517.677,45406.614
2346,1473534.408,45422.171
2347,1473551.082,45439.279
2348,1473567.726,45456.379
2349,1473584.503,45472.366
2350,1473601.323,45489.503
2351,1473617.998,45507.502
2352,1473634.542,45523.787
2353,1473651.233,45539.103
2354,1473667.882,45556.048
2355,1473684.617,45573.257
2356,1473701.322,45590.298
2357,1473717.989,45606.175
2358,1473734.584,45623.028
2359,1473751.319,45640.174
2360,1473767.981,45656.250
2361,1473784.623,45673.416
2362,1473801.341,45690.073
2363,1473817.986,45706.071
2364,1473834.706,45722.940
2365,1473851.347,45740.223
2366,1473868.068,45755.824
2367,1473884.714,45772.889
2368,1473901.452,45790.019
2369,1473918.131,45806.115
2370,1473934.760,45822.895
2371,1473951.439,45839.727
2372,1473968.166,45857.115
2373,1473984.838,45872.880
2374,1474001.783,45889.735
2375,1474018.226,45906.973
2376,1474034.866,45922.781
2377,1474051.550,45939.510
2378,1474068.278,45957.064
2379,1474084.963,45972.961
2380,1474101.601,45989.952
2381,1474118.323,46007.264
2382,1474134.972,46022.962
2383,1474151.686,46039.820
2384,1474168.464,46056.523
2385,1474185.083,46073.409
2386,1474201.715,46089.536
2387,1474218.427,46107.140
2388,1474235.116,46122.887
2389,1474251.955,46141.115
2390,1474268.513,46156.533
2391,1474285.203,46173.261
2392,1474301.866,46190.287
2393,1474318.554,46206.828
2394,1474335.218,46223.917
2395,1474351.897,46239.580
2396,1474368.538,46256.960
2397,1474385.466,46274.453
2398,1474402.038,46289.833
2399,1474418.615,46306.821
2400,1474435.328,46323.411
2401,1474451.961,46340.397
2402,1474468.679,46357.064
2403,1474485.331,46372.831
2404,1474502.048,46390.249
2405,1474518.681,46406.680
2406,1474535.649,46423.411
2407,1474552.094,46440.422
2408,1474568.743,46456.623
2409,1474585.461,46473.397
2410,1474602.103,46490.522
2411,1474618.825,46508.505
2412,1474635.491,46523.180
2413,1474652.195,46540.203
2414,1474668.891,46557.626
2415,1474685.518,46573.311
2416,1474702.288,46590.235
2417,1474719.050,46608.001
2418,1474735.671,46623.710
2419,1474752.293,46640.912
2420,1474769.001,46656.816
2421,1474785.633,46673.812
2422,1474802.356,46691.155
2423,1474818.993,46707.450
2424,1474835.718,46723.334
2425,1474852.365,46740.249
2426,1474869.087,46757.654
2427,1474885.725,46774.433
2428,1474902.450,46790.223
2429,1474919.092,46807.185
2430,1474935.817,46824.277
2431,1474952.455,46840.237
2432,1474969.179,46857.905
2433,1474985.865,46873.777
2434,1475002.518,46890.692
2435,1475019.190,46907.810
2436,1475035.940,46923.632
2437,1475052.621,46940.479
2438,1475069.234,46957.837
2439,1475085.961,46973.683
2440,1475102.611,46990.614
2441,1475119.328,47007.744
2442,1475135.966,47023.680
2443,1475152.701,47040.443
2444,1475169.343,47057.727
2445,1475186.063,47074.930
2446,1475202.706,47090.703
2447,1475219.435,47107.632
2448,1475236.075,47124.353
2449,1475252.855,47141.550
2450,1475269.603,47158.592
2451,1475286.170,47174.871
2452,1475302.870,47190.625
2453,1475319.495,47207.573
2454,1475336.219,47224.599
2455,1475352.883,47240.549
2456,1475369.610,47257.731
2457,1475386.226,47274.897
2458,1475403.150,47291.890
2459,1475419.651,47307.811
2460,1475436.271,47324.539
2461,1475452.956,47340.845
2462,1475469.679,47357.775
2463,1475486.337,47374.753
2464,1475503.061,47391.835
2465,1475519.740,47407.597
2466,1475536.377,47424.583
2467,1475553.099,47441.768
2468,1475569.741,47457.677
2469,1475586.481,47474.578
2470,1475603.104,47491.609
2471,1475619.837,47509.620
2472,1475636.478,47524.902
2473,1475653.198,47541.388
2474,1475669.864,47558.552
2475,1475686.576,47574.304
2476,1475703.262,47591.208
2477,1475720.023,47608.722
2478,1475736.759,47625.300
2479,1475753.390,47641.303
2480,1475770.030,47658.676
2481,1475786.647,47674.583
2482,1475803.368,47691.279
2483,1475820.013,47708.385
2484,1475836.718,47724.521
2485,1475853.373,47741.359
2486,1475870.114,47758.325
2487,1475886.721,47774.397
2488,1475903.467,47791.165
2489,1475920.161,47808.368
2490,1475936.817,47825.407
2491,1475953.470,47841.268
2492,1475970.187,47858.262
2493,1475986.825,47875.247
2494,1476003.555,47891.188
2495,1476020.238,47908.140
2496,1476036.883,47924.668
2497,1476053.606,47941.776
2498,1476070.244,47958.281
2499,1476086.960,47975.248
2500,1476103.606,47991.203
2501,1476120.338,48008.394
2502,1476136.979,48024.930
2503,1476153.700,48041.803
2504,1476170.345,48058.443
2505,1476187.071,48075.498
2506,1476203.746,48092.643
2507,1476220.421,48108.553
2508,1476237.131,48125.284
2509,1476253.766,48142.467
2510,1476270.533,48158.787
2511,1476287.265,48175.840
2512,1476303.894,48191.502
2513,1476320.505,48208.827
2514,1476337.276,48225.869
2515,1476353.885,48241.705
2516,1476370.598,48258.346
2517,1476387.238,48275.417
2518,1476404.130,48292.449
2519,1476420.636,48308.471
2520,1476437.332,48325.944
2521,1476453.970,48341.689
2522,1476470.690,48358.613
2523,1476487.332,48375.234
2524,1476504.065,48392.476
2525,1476520.743,48409.674
2526,1476537.434,48425.239
2527,1476554.066,48442.278
2528,1476570.791,48459.407
2529,1476587.477,48475.890
2530,1476604.115,48491.621
2531,1476620.836,48509.752
2532,1476637.483,48526.062
2533,1476654.206,48543.037
2534,1476670.911,48559.495
2535,1476687.528,48575.542
2536,1476704.239,48592.209
2537,1476720.950,48609.538
2538,1476737.657,48625.258
2539,1476754.458,48643.543
2540,1476771.027,48659.281
2541,1476787.675,48675.710
2542,1476804.322,48692.907
2543,1476821.060,48708.891
2544,1476837.725,48725.605
2545,1476854.607,48742.670
2546,1476871.096,48759.817
2547,1476887.742,48775.747
2548,1476904.457,48792.657
2549,1476921.105,48808.812
2550,1476937.838,48825.627
2551,1476954.470,48842.740
2552,1476971.200,48859.670
2553,1476987.872,48875.738
2554,1477004.531,48892.664
2555,1477021.241,48909.610
2556,1477037.885,48925.501
2557,1477054.609,48942.576
2558,1477071.250,48959.561
2559,1477087.972,48976.094
2560,1477104.618,48992.940
2561,1477121.347,49009.116
2562,1477138.022,49026.004
2563,1477154.670,49042.995
2564,1477171.396,49059.529
2565,1477188.073,49076.165
2566,1477204.724,49093.236
2567,1477221.446,49109.287
2568,1477238.136,49126.024
2569,1477254.782,49143.089
2570,1477271.495,49159.655
2571,1477288.274,49176.291
2572,1477304.948,49193.319
2573,1477321.534,49209.181
2574,1477338.232,49226.253
2575,1477354.878,49243.155
2576,1477371.591,49259.876
2577,1477388.463,49276.527
2578,1477405.141,49293.718
2579,1477421.659,49309.418
2580,1477438.345,49326.984
2581,1477455.013,49343.011
2582,1477471.652,49359.697
2583,1477488.388,49376.491
2584,1477505.064,49393.230
2585,1477521.748,49410.470
2586,1477538.425,49426.162
2587,1477555.075,49443.317
2588,1477571.801,49459.670
2589,1477588.475,49476.336
2590,1477605.120,49493.415
2591,1477621.845,49511.497
2592,1477638.488,49526.597
2593,1477655.220,49543.320
2594,1477671.914,49559.588
2595,1477688.546,49576.285
2596,1477705.270,49593.332
2597,1477721.906,49610.294
2598,1477738.648,49626.574
2599,1477755.417,49643.788
2600,1477772.102,49660.814
2601,1477788.698,49677.368
2602,1477805.328,49693.098
2603,1477822.088,49710.194
2604,1477838.769,49726.632
2605,1477855.393,49743.572
2606,1477872.102,49760.625
2607,1477888.744,49777.130
2608,1477905.475,49793.286
2609,1477922.153,49810.105
2610,1477938.798,49826.431
2611,1477955.516,49843.529
2612,1477972.157,49860.536
2613,1477988.902,49877.182
2614,1478005.522,49894.246
2615,1478022.250,49910.143
2616,1478038.894,49927.100
2617,1478055.619,49944.165
2618,1478072.260,49960.481
2619,1478088.988,49977.599
2620,1478105.672,49993.608
2621,1478122.350,50010.551
2622,1478138.990,50027.629
2623,1478155.728,50043.438
2624,1478172.406,50060.394
2625,1478189.084,50077.488
2626,1478205.765,50094.682
2627,1478222.419,50110.578
2628,1478239.129,50127.531
2629,1478255.784,50144.787
2630,1478272.494,50160.456
2631,1478289.139,50176.963
2632,1478306.017,50194.106
2633,1478322.574,50211.154
2634,1478339.236,50227.690
2635,1478355.880,50243.592
2636,1478372.613,50261.343
2637,1478389.279,50277.680
2638,1478405.948,50293.724
2639,1478422.836,50310.891
2640,1478439.339,50327.569
2641,1478455.980,50343.501
2642,1478472.703,50361.170
2643,1478489.384,50377.546
2644,1478506.030,50393.732
2645,1478522.763,50410.638
2646,1478539.394,50427.783
2647,1478556.120,50444.894
2648,1478572.764,50460.454
2649,1478589.501,50477.638
2650,1478606.131,50494.660
2651,1478622.851,50511.525
2652,1478639.508,50527.604
2653,1478656.235,50544.395
2654,1478672.895,50560.661
2655,1478689.619,50577.468
2656,1478706.271,50594.485
2657,1478722.908,50611.619
2658,1478739.635,50627.416
2659,1478756.292,50644.547
2660,1478773.135,50661.555
2661,1478789.732,50677.882
2662,1478806.417,50695.170
2663,1478823.029,50711.060
2664,1478839.776,50727.861
2665,1478856.404,50744.950
2666,1478873.105,50761.576
2667,1478889.745,50777.439
2668,1478906.473,50794.463
2669,1478923.114,50811.583
2670,1478939.839,50828.566
2671,1478956.516,50844.355
2672,1478973.176,50861.391
2673,1478989.884,50878.562
2674,1479006.535,50894.315
2675,1479023.256,50911.409
2676,1479039.933,50928.458
2677,1479056.578,50944.214
2678,1479073.318,50961.444
2679,1479090.002,50978.077
2680,1479106.686,50995.559
2681,1479123.304,51012.163
2682,1479139.993,51027.908
2683,1479156.730,51044.902
2684,1479173.407,51061.334
2685,1479190.045,51078.420
2686,1479206.768,51094.457
2687,1479223.408,51111.562
2688,1479240.142,51128.270
2689,1479256.786,51144.626
2690,1479273.506,51161.638
2691,1479290.144,51178.351
2692,1479306.869,51195.553
2693,1479323.665,51212.659
2694,1479340.304,51228.714
2695,1479356.896,51245.678
2696,1479373.616,51261.321
2697,1479390.254,51278.346
2698,1479406.969,51295.876
2699,1479423.785,51311.950
2700,1479440.410,51328.950
2701,1479457.034,51345.676
2702,1479473.674,51361.777
2703,1479490.391,51378.662
2704,1479507.033,51394.730
2705,1479523.754,51411.790
2706,1479540.403,51428.844
2707,1479557.124,51445.876
2708,1479573.768,51461.825
2709,1479590.486,51478.635
2710,1479607.132,51495.832
2711,1479623.858,51512.947
2712,1479640.546,51528.988
2713,1479657.181,51545.607
2714,1479673.958,51562.656
2715,1479690.835,51578.403
2716,1479707.292,51595.527
2717,1479723.911,51612.618
2718,1479740.650,51628.567
2719,1479757.296,51645.346
2720,1479774.008,51662.666
2721,1479790.793,51679.155
2722,1479807.474,51696.170
2723,1479824.053,51712.289
2724,1479840.749,51728.933
2725,1479857.394,51746.055
2726,1479874.111,51762.243
2727,1479890.752,51779.502
2728,1479907.479,51795.352
2729,1479924.122,51812.067
2730,1479940.853,51828.962
2731,1479957.526,51845.969
2732,1479974.211,51862.035
2733,1479990.852,51879.028
2734,1480007.585,51895.937
2735,1480024.262,51911.948
2736,1480040.900,51928.877
2737,1480057.638,51945.771
2738,1480074.263,51961.984
2739,1480090.999,51978.811
2740,1480107.643,51995.840
2741,1480124.360,52013.018
2742,1480141.007,52029.012
2743,1480157.726,52045.873
2744,1480174.372,52062.508
2745,1480191.099,52079.830
2746,1480207.775,52095.817
2747,1480224.641,52112.864
2748,1480241.155,52129.643
2749,1480257.801,52145.847
2750,1480274.522,52162.867
2751,1480291.193,52179.444
2752,1480307.840,52195.663
2753,1480324.603,52213.295
2754,1480341.387,52230.544
2755,1480357.973,52246.261
2756,1480374.566,52262.869
2757,1480391.255,52278.706
2758,1480407.986,52295.815
2759,1480424.845,52312.960
2760,1480441.347,52329.833
2761,1480458.044,52345.729
2762,1480474.684,52362.452
2763,1480491.401,52379.646
2764,1480508.038,52395.984
2765,1480524.767,52412.737
2766,1480541.403,52430.023
2767,1480558.129,52445.899
2768,1480574.780,52462.806
2769,1480591.490,52479.700
2770,1480608.138,52495.817
2771,1480624.860,52514.768
2772,1480641.508,52529.536
2773,1480658.246,52546.186
2774,1480674.887,52562.749
2775,1480691.615,52579.937
2776,1480708.277,52597.021
2777,1480724.926,52612.428
2778,1480741.649,52629.468
2779,1480758.303,52646.266
2780,1480775.016,52663.026
2781,1480791.699,52680.220
2782,1480808.581,52697.560
2783,1480825.113,52713.002
2784,1480841.758,52729.914
2785,1480858.398,52746.016
2786,1480875.126,52762.870
2787,1480891.816,52779.934
2788,1480908.521,52797.090
2789,1480925.137,52813.244
2790,1480941.862,52829.480
2791,1480958.536,52846.427
2792,1480975.173,52862.885
2793,1480991.904,52880.082
2794,1481008.543,52896.187
2795,1481025.268,52913.477
2796,1481041.908,52930.205
2797,1481058.632,52946.319
2798,1481075.270,52963.254
2799,1481091.997,52980.168
2800,1481108.650,52996.394
2801,1481125.374,53013.482
2802,1481142.042,53030.536
2803,1481158.692,53046.474
2804,1481175.417,53062.918
2805,1481192.060,53080.158
2806,1481208.789,53097.268
2807,1481225.493,53113.507
2808,1481242.112,53130.820
2809,1481258.851,53146.522
2810,1481275.518,53163.014
2811,1481292.210,53180.174
2812,1481308.881,53197.112
2813,1481325.529,53213.586
2814,1481342.301,53230.806
2815,1481359.056,53247.849
2816,1481375.622,53263.514
2817,1481392.310,53280.712
2818,1481408.940,53296.630
2819,1481425.723,53313.743
2820,1481442.467,53330.485
2821,1481459.052,53347.644
2822,1481475.683,53363.561
2823,1481492.404,53380.435
2824,1481509.062,53397.664
2825,1481525.781,53413.260
2826,1481542.456,53430.454
2827,1481559.097,53447.525
2828,1481575.826,53463.419
2829,1481592.499,53480.265
2830,1481609.152,53497.935
2831,1481625.867,53515.211
2832,1481642.520,53531.618
2833,1481659.237,53547.003
2834,1481675.940,53563.834
2835,1481692.570,53580.747
2836,1481709.288,53597.950
2837,1481725.926,53613.817
2838,1481742.696,53630.836
2839,1481759.307,53648.100
2840,1481776.016,53663.747
2841,1481792.684,53680.592
2842,1481809.403,53697.884
2843,1481826.180,53715.000
2844,1481842.820,53730.651
2845,1481859.412,53747.843
2846,1481876.122,53764.750
2847,1481892.770,53780.652
2848,1481909.620,53797.750
2849,1481926.187,53814.875
2850,1481942.823,53830.656
2851,1481959.544,53847.635
2852,1481976.189,53864.626
2853,1481992.906,53880.418
2854,1482009.553,53897.498
2855,1482026.274,53914.337
2856,1482042.921,53930.629
2857,1482059.638,53947.442
2858,1482076.282,53964.252
2859,1482092.999,53981.528
2860,1482109.659,53997.476
2861,1482126.377,54015.183
2862,1482143.088,54031.028
2863,1482159.744,54048.015
2864,1482176.386,54065.021
